"Unique ID","String Flags","Speaker","Japanese","English Translation"
"400000","3435921409","","……あんたたち、シグルスね。","...You lot, Sigurds, right?"
"400001","3435921409","","そうだけど……おまえらも、か？","That’s right...you too?"
"400002","3435921409","","シグルス候補、ね。",""
"400003","3435921409","","さすが探知魔導器（トパズブラスティア）、
フラッグ探しもこれにお任せね。",""
"400004","3435921409","","探知魔導器（トパズブラスティア）……？",""
"400005","3435921409","","そんなそっけない名前で呼ばないで。
シヴァって名前があるんだから。",""
"400006","3435921409","","シヴァって……
あ、そっか、あなたにとって
それは大切な子、なんだね？",""
"400007","3435921409","","そういうこと。
……何よ、あんたなかなか
物分りいいわね。",""
"400008","3435921409","","……でも、だからって、
手加減はしないわよ。",""
"400009","3435921409","","ちょっと……何すんだ！",""
"400010","3435921409","","あなたたちの持ってるフラッグは
私たちがいただくわよ。",""
"400011","3435921409","","ちっ……そういうことか。
しょうがねぇ……
コレット、行くぜ。",""
"400012","3435921409","","うん、シグルスの宿命、だもんね。",""
"400013","3435921409","","……くっ……負けた……",""
"400014","3435921409","","……あれ……？",""
"400015","3435921409","","どしたの？",""
"400016","3435921409","","おまえ、どこかで
会わなかったか？",""
"400017","3435921409","","あら、古典的な口説き文句ね。",""
"400018","3435921409","","なに、このマセガキ。",""
"400019","3435921409","","ち、違うって！
マジで、どこかで会った気が
するんだけど……",""
"400020","3435921409","","気のせいじゃないかしら。",""
"400021","3435921409","","……ね？",""
"400022","3435921409","","別にどうでもいいわ。もっと
弱っちいシグルスを
探しに行くわよ。",""
"400023","3435921409","","それじゃあね。",""
"400024","3435921409","","どこで会ったのかな……？",""
"400025","3435921409","","あの人、キレイだったね～。",""
"400026","3435921409","","え？　あ、ああ……",""
"400027","3435921409","","おっぱいもおっきかった……",""
"400028","3435921409","","お、おまえもすぐ、
あれくらいにはなるさ。",""
"400029","3435921409","","……そうかなぁ……",""
"400030","3435921409","","た、たぶんな……
さ、行くぞ！",""
"400031","3435921409","","コレットは
　　称号　『ぺったんこ』
を手に入れました。",""
"400100","3435921409","","あ、前にも会ったよね？",""
"400101","3435921409","","……何だっけ？　こいつら。",""
"400102","3435921409","","この子、人の顔覚えるの
苦手なの。",""
"400103","3435921409","","苦手なわけじゃないわよ。
興味ないヤツの顔覚えておく
必要性を感じないだけ。",""
"400104","3435921409","","大体、こいつだって、
あんたの顔、忘れてたでしょ。",""
"400105","3435921409","","いや、それは…",""
"400106","3435921409","","あっ……思い出した……！
……いや、でも……アレ……？
違う、か……",""
"400107","3435921409","","ところで、
フラッグ集まった？",""
"400108","3435921409","","残念ながら、
まだひとつも。",""
"400109","3435921409","","ここでもう一戦
やるってのも手よね。",""
"400110","3435921409","","いいぜ。何回やっても
一緒だと思うけどな。",""
"400111","3435921409","","今度こそ勝って、
フラッグをいただくわ。",""
"400112","3435921409","","また負けた…っての…？",""
"400113","3435921409","","待てよ。
おまえたちとの勝負は
もうついてんだろ？",""
"400114","3435921409","","二度以上、戦っちゃいけない
なんてルールでもあんの？",""
"400115","3435921409","","そんなのないけど……",""
"400116","3435921409","","ね、どうしてフラッグが
欲しいの？",""
"400117","3435921409","","どうしてって……新型魔導器（ブラスティア）の
開発のために『大いなる実り』から得られる
エネルギーが必要だからよ。",""
"400118","3435921409","","新型魔導器（ブラスティア）？
そんなもん作って、
何になるんだ？",""
"400119","3435921409","","例えば、ほんの少しの水や肥料で、
多くの野菜や果物が作れたり、",""
"400120","3435921409","","多くの食糧を一気に加工したり、
遠くへ早く運んだり、かしらね？",""
"400121","3435921409","","まぁ、そういうことも
できるかもね。",""
"400122","3435921409","","世界の人たちを救うため
ってことなんだね。",""
"400123","3435921409","","へえ……そっか……
こんな子どもなのに、
エライんだな。",""
"400124","3435921409","","こ、子どもとか言わないでくれる！？
それに世界がどうとか、
そんなんじゃないわ。",""
"400125","3435921409","","え？　違うの？",""
"400126","3435921409","","あたしは、あたしの
作りたいものを作ってる。
ただそれだけよ。",""
"400127","3435921409","","素直じゃない子。",""
"400128","3435921409","","そっか……
じゃあ、想いは
俺たちと同じなんだな。",""
"400129","3435921409","","いや……だから、
そうじゃなくて……",""
"400130","3435921409","","心配しないでいいよ。
必ず『大いなる実り』を
持ち帰るから。",""
"400131","3435921409","","他の国にもエネルギーを
分けるよう、王様に頼むよ。",""
"400132","3435921409","","シグルスの言うことなら、
聞いてくれるだろうし。",""
"400133","3435921409","","何、こいつら……
まったく、もう……",""
"400134","3435921409","","……ふん！　行くわよ！",""
"400135","3435921409","","またね。",""
"400136","3435921409","","……ね、ロイド。
結局、あの人とどこで会ったのか、
わかった？",""
"400137","3435921409","","いや……
５年前に、街の城壁が爆破されて、
崩れた事故があっただろ。",""
"400138","3435921409","","うん……覚えてる……
ロイドも崩れた石の
下敷きになって……",""
"400139","3435921409","","あの時に俺を助けてくれた兵士が
あの人だった……気がするんだ。",""
"400140","3435921409","","あの後、俺、気絶しちゃって、
あんまりよく覚えてないんだけど……
他人の空似かな……",""
"400141","3435921409","","……自由都市連合（ダイン）の人だって、
言ってたもんね。",""
"400142","3435921409","","……ま、いっか。
次に会う機会があったら、
聞いてみりゃいいか。",""
"400143","3435921409","","そだね。
もし、そうだとしたら、
命の恩人だもんね。",""
"400144","3435921409","","望むところだ！",""
"400145","3435921409","","待てよ",""
"400200","3435921409","","……待ってたよ。",""
"400201","3435921409","","おまえ……
まだあきらめないのか？",""
"400202","3435921409","","あたりまえさ！",""
"400203","3435921409","","コハクの笑顔を
あきらめられるはずがない!!",""
"400204","3435921409","","シング……",""
"400205","3435921409","","やめて、ロイド。
この人は、もうボロボロだよ。",""
"400206","3435921409","","…………",""
"400207","3435921409","","いや、こういう奴は
思い知らせておいた方がいい。",""
"400208","3435921409","","手を出すなよ、コレット。
俺がケリをつける。",""
"400209","3435921409","","ロイド……",""
"400210","3435921409","","下がってて、コハク。",""
"400211","3435921409","","悪いが、先を急ぐんだ。
二度と邪魔できないようにしてやるぜ。",""
"400212","3435921409","","やれるもんならやってみろ！",""
"400213","3435921409","","まだ……だ……
まだオレは戦える。",""
"400214","3435921409","","もうやめて……シング……",""
"400215","3435921409","","言ったよな、二度と邪魔
できないようにしてやるって。",""
"400216","3435921409","","いや……やめて……",""
"400217","3435921409","","こ、来い！",""
"400218","3435921409","","とどめだっ!!",""
"400219","3435921409","","やめてぇーーーっっ!!",""
"400220","3435921409","","わかったか、シング。
その子の中には、こんなに強い
おまえへの想いがあるんだぜ。",""
"400221","3435921409","","あんまり、一人で突っ走るなよ。",""
"400222","3435921409","","シング……
無茶したら……やだよ……",""
"400223","3435921409","","ロイド……
コハクの感情を呼び起こすために
とどめを刺すふりを？",""
"400224","3435921409","","まーな。
ふたりが心を合わせなきゃ、
この子の笑顔は戻らないと思ってさ。",""
"400225","3435921409","","……って、いつまで
しがみついてるんだ、コレット？",""
"400226","3435921409","","えへへ……
ロイド、ちょっと怖かったから……",""
"400227","3435921409","","へへ、どうだ？
迫真の演技だったろ？",""
"400228","3435921409","","なんだか胸が……熱い……！",""
"400229","3435921409","","なんだ、この光は……!?",""
"400230","3435921409","","南の空を指してる……",""
"400231","3435921409","","コハクが感情を無くした
手がかりかもしれないね？",""
"400232","3435921409","","ああ、そうかも！
光が指した先に行ってみるよ。",""
"400233","3435921409","","行こう、コハク！",""
"400234","3435921409","","……うん。",""
"400235","3435921409","","……あの子の笑顔
戻るといいね。",""
"400236","3435921409","","あいつらなら、
きっと大丈夫さ。",""
"400237","3435921409","","ロイドは
　　称号　『演技派剣士』
を手に入れました。",""
"400300","3435921409","","それでさぁ……",""
"400301","3435921409","","あ、ロイド！
前、危ないっ！",""
"400302","3435921409","","あ！　ゴ、ゴメン！
大丈夫か？",""
"400303","3435921409","","…………",""
"400304","3435921409","","あ、あの……",""
"400305","3435921409","","いや、大丈夫だ。",""
"400306","3435921409","","…………",""
"400307","3435921409","","貴様がアステルか？",""
"400308","3435921409","","アステルは今いない。
何だ、おまえは。",""
"400309","3435921409","","ちっ、逃げやがったな。",""
"400310","3435921409","","わけのわからぬことを……
どうしてアステルが逃げねばならない。",""
"400311","3435921409","","それは俺が、奴を殺す男だからよ！",""
"400312","3435921409","","おまえもこの研究施設ごと
切り刻んでやるわ！",""
"400313","3435921409","","どういうつもりだか知らないが、
そうやすやすとはさせぬ。",""
"400314","3435921409","","……貴様らは
例の研究をしているらしいな。",""
"400315","3435921409","","ふん……知っているのか……
そうだ、世界樹の……
研究だ。",""
"400316","3435921409","","手ぬるい！",""
"400317","3435921409","","貴様らの願いを果たすなら、
それを阻む愚か者どもをすべて
せん滅すればいいのだろう？",""
"400318","3435921409","","せん滅、だと？",""
"400319","3435921409","","そうよ、人間を
抹殺するのよ！",""
"400320","3435921409","","何をふざけたことを。",""
"400321","3435921409","","我々天界人からすれば、
地上に巣食う人間など、虫けら同然。
貴様はその虫けらを気遣うのか？",""
"400322","3435921409","","別に気遣ってなどいない。
おまえが人間を滅ぼすというのなら、
それもよかろう。",""
"400323","3435921409","","しかし、この研究を
成功させることがアステルの望み。
ならば、俺はそれを続けるのみ。",""
"400324","3435921409","","くだらぬ！",""
"400325","3435921409","","貴様らがこんな研究を続けるから、
上が人類せん滅の決断を鈍らせるのだ！",""
"400326","3435921409","","そんなことは
俺の知ったことではない。
去（い）ね。",""
"400327","3435921409","","埒が明かんようだな……
ならば、仕方があるまい！",""
"400328","3435921409","","……何だ……？",""
"400329","3435921409","","あの後だ……天界の上層部の連中が
まとめて、あの男、バルバトスに
虐殺されたのは……",""
"400330","3435921409","","アステル、おまえも……",""
"400331","3435921409","","アステル……？
バルバトス……？",""
"400332","3435921409","","何だ、おまえらは……
どうして、その名前を……",""
"400333","3435921409","","えっ、だって、
今、そう言ってたから……",""
"400334","3435921409","","……おまえらには関係ないことだ……",""
"400335","3435921409","","何だ……？",""
"400336","3435921409","","よくわかんないけど……
何かツライことがあった
んだろうね、たぶん。",""
"400337","3435921409","","………………",""
"410000","3435921409","","あんたたち、シグルスね！
フラッグをよこしなさい！",""
"410001","3435921409","","あいにく、我々はよこせと
言われて、素直に渡すような
お人好しではない。",""
"410002","3435921409","","……クリティア族？",""
"410003","3435921409","","おまえは……
以前、神聖王国（ヘイズル）の
傭兵部隊にいたな。",""
"410004","3435921409","","神聖王国（ヘイズル）に……？",""
"410005","3435921409","","ええ。光栄だわ、覚えていてもらって。",""
"410006","3435921409","","忘れるものか。ある日、
突然部隊から姿を消した
傭兵のこと。",""
"410007","3435921409","","翌日、隊内の機密が盗まれたと
大騒ぎだったからな。",""
"410008","3435921409","","何よ、あんた、自由都市連合（ダイン）の
兵士だったんじゃないの？",""
"410009","3435921409","","雇われの身よ。
神聖王国（ヘイズル）の前は、
新帝国（ニーズホッグ）にいたわ。",""
"410010","3435921409","","ふーん……
ま、どうでもいいわ、
そんなこと。",""
"410011","3435921409","","フラッグはいただくわよ！",""
"410012","3435921409","","話も通じぬ、か…",""
"410013","3435921409","","この子、
せっかちなの。",""
"410014","3435921409","","……クラトスさん、構えて！",""
"410015","3435921409","","…………",""
"410016","3435921409","","……うぎゅ……",""
"410017","3435921409","","全然、腕もなまってないのね。",""
"410018","3435921409","","おまえもな。",""
"410019","3435921409","","……どうして突然、
あなたは神聖王国（ヘイズル）から
姿を消したんですか？",""
"410020","3435921409","","あの国での役割を果たしたから、
とでも言えばいいかしら？",""
"410021","3435921409","","役割……？",""
"410022","3435921409","","神聖王国（ヘイズル）の上層部から
受けていた仕事が
終わったから、か？",""
"410023","3435921409","","５年前、王都の城壁の大規模な
爆破事故。けが人は何人か出たが、
死人は出なかった。",""
"410024","3435921409","","あの事件をきっかけに、神聖王国（ヘイズル）の
抵抗組織（レジスタンス）が一網打尽に
された。事件の首謀者として。",""
"410025","3435921409","","そんなことがありましたね。
僕はまだ、見習いの騎士でしたけど。",""
"410026","3435921409","","もし、本当に抵抗組織の連中が
首謀者なら、あの規模の爆発で、
死人を出さないはずがない。",""
"410027","3435921409","","あれは連中を逮捕する口実を作るため、
周到に仕組まれたしかもかなりの手練の
工作員による自作自演だ。",""
"410028","3435921409","","終わったことよ、もう。",""
"410029","3435921409","","まあ、な。",""
"410030","3435921409","","でも、どうして機密を？",""
"410031","3435921409","","それは自由都市連合（ダイン）に
雇ってもらうための、
手土産に、と思ってね。",""
"410032","3435921409","","で、今は自由都市連合（ダイン）のシグルスとして
ユグドラシルバトルで優勝することが、
おまえの仕事というわけか。",""
"410033","3435921409","","いいえ、残念ながら……
これは個人的な事情よ。",""
"410034","3435921409","","仲間が失踪した、
その彼を探すため……",""
"410035","3435921409","","それと……
可愛い妹のため、とね。",""
"410036","3435921409","","妹だと……？",""
"410037","3435921409","","げほっげほっ……
また、負けるなんて……",""
"410038","3435921409","","ちっ……次、行くわよ、次！",""
"410039","3435921409","","本当、タフな子。
……それじゃあね。",""
"410040","3435921409","","あ……！
いいんですか、
逃がしちゃって……！",""
"410041","3435921409","","我々のなすべきことは
ユグドラシルバトルだ。",""
"410042","3435921409","","それを優先させても、
誰も責めはするまい。",""
"410043","3435921409","","……そう、ですね……
はい、先を急ぎましょう。",""
"410044","3435921409","","仲間、か……",""
"410100","3435921409","","火山活動が、かなり活発だな。
長居は無用みたいですね。",""
"410101","3435921409","","なんだ、この光る石は？",""
"410102","3435921409","","どうした、クレス？",""
"410103","3435921409","","むっ、それは……",""
"410104","3435921409","","光が指したのは
この先だったよね、コハク？",""
"410105","3435921409","","……シング、あそこ。",""
"410106","3435921409","","光る石！
コハクの光は、あの石を
指し示してたのか？",""
"410107","3435921409","","シング……危ないよ？",""
"410108","3435921409","","うああっ!?",""
"410109","3435921409","","この石が何か
知ってるんですか？",""
"410110","3435921409","","うむ。おそらくそれは……",""
"410111","3435921409","","うわぁぁぁーーーっ!!",""
"410112","3435921409","","あうっ！",""
"410113","3435921409","","うあっ!?",""
"410114","3435921409","","くっ、新手のシグルスか！",""
"410115","3435921409","","ち、違う……オレは……",""
"410116","3435921409","","……シング！",""
"410117","3435921409","","きゃああっ！",""
"410118","3435921409","","ぐうっ！
時間差奇襲とは!?",""
"410119","3435921409","","気をつけてください、クラトスさん！
この子たち、相当の策士ですよ！",""
"410120","3435921409","","見事な奇襲攻撃だったけど、
ここまでだね。",""
"410121","3435921409","","君たちは
どこの国のシグルスなんだい？",""
"410122","3435921409","","奇襲なんて誤解だよ。
オレたちは、その光る石を
捜してただけなんだ。",""
"410123","3435921409","","光る石？
おまえたち、これが
スピルーンだと知ってるのか？",""
"410124","3435921409","","……スピルーン？",""
"410125","3435921409","","スピルーンは『デスピル病』という
奇病によって、身体からはじき出された
心が結晶化したものだ。",""
"410126","3435921409","","心の結晶!?",""
"410127","3435921409","","それだ！
きっとそのスピルーンが
コハクの『喜びの感情』なんだ!!",""
"410128","3435921409","","しかし、デスピル病は、
マナの不足に起因する病のはず。",""
"410129","3435921409","","このスピルーンが本物なら、
マナの不足も、いよいよ深刻だな……",""
"410130","3435921409","","…………？",""
"410131","3435921409","","お願いです！
オレ、なんでもするから、
そのスピルーンを返してください!!",""
"410132","3435921409","","はは、いいよ。
僕も偶然見つけただけだからね。",""
"410133","3435921409","","し、しまった！",""
"410134","3435921409","","ああっ、スピルーンが火口に！",""
"410135","3435921409","","待って、シング……
わたしも一緒だよ。",""
"410136","3435921409","","一緒に行こう、コハク！",""
"410137","3435921409","","あの子たち、なんて無茶をっ！",""
"410138","3435921409","","下がれ、クレス！",""
"410139","3435921409","","しかし……!!",""
"410140","3435921409","","いかん！
ここはもう限界だ!!",""
"410200","3435921409","","……あのスピルーンを追う
少年たちを救えなかった。",""
"410201","3435921409","","また僕は、同じ過ちを……",""
"410202","3435921409","","彼らはシグルス並みの力を持っていた。
そう簡単に死ぬはずはない。",""
"410203","3435921409","","だといいんですが……",""
"410204","3435921409","","みゅうぅ……？",""
"410205","3435921409","","大変ですのー！
人が倒れてるですのー！",""
"410206","3435921409","","この子たちは！",""
"410207","3435921409","","スピルーンを握っている。
あの爆発の中で捜し出すとは……",""
"410208","3435921409","","うぅ……シング……",""
"410209","3435921409","","コハクの……スピルーン……
絶対……取り戻す……",""
"410210","3435921409","","二人ともまだ生きてる！
クラトスさん!!",""
"410211","3435921409","","うむ！
ファーストエイド！",""
"410212","3435921409","","うぅ……",""
"410213","3435921409","","ここは……？",""
"410214","3435921409","","よかった、気がついた！",""
"410215","3435921409","","ああ、そっか……
オレ、火山の爆発に巻きこまれて……",""
"410216","3435921409","","コハクのスピルーンはっ!?",""
"410217","3435921409","","大丈夫、君の手の中にあるよ。",""
"410218","3435921409","","コハクの心……無事だ。",""
"410219","3435921409","","そのスピルーンを、
この娘の胸にかざしてみろ。
失われた感情が戻るはずだ。",""
"410220","3435921409","","うん！",""
"410221","3435921409","","…………",""
"410222","3435921409","","どう、コハク！
嬉しい？
『喜び』の気持ちは戻った？",""
"410223","3435921409","","……シング、傷だらけだね。",""
"410224","3435921409","","火傷もいっぱいだよ？",""
"410225","3435921409","","あはは、こんなのなんでもないさ！
それよりさ……",""
"410226","3435921409","","全部、わたしのために……",""
"410227","3435921409","","ありがとう。
ありがとう、シング――",""
"410228","3435921409","","わわっ!?
な、なんで泣くの？",""
"410229","3435921409","","ね、笑ってよ、コハク？",""
"410230","3435921409","","嬉しさで涙があふれる時もある……
人間とは不思議なものだな。",""
"410231","3435921409","","……行きましょう、クラトスさん。",""
"410232","3435921409","","そうだな。",""
"410233","3435921409","","みゅうぅー
ナビミュウは、もうちょっと
見ていたいですのー",""
"410300","3435921409","","あれ、あなたは……",""
"410301","3435921409","","また……会ったな。",""
"410302","3435921409","","ブラックフラッグを
探していると言ったな。
どうしてだ？",""
"410303","3435921409","","……あんたに話す必要はない。",""
"410304","3435921409","","目的はバルバトスか。",""
"410305","3435921409","","……あなたはバルバトスを……",""
"410306","3435921409","","………………",""
"410307","3435921409","","どうするつもりだ、
バルバトスを、あの破壊の
化身を解き放って。",""
"410308","3435921409","","俺は……あの男を……
倒す……",""
"410309","3435921409","","やめておけ、
返り討ちに遭うだけだ。",""
"410310","3435921409","","奴が解き放たれれば、人類を抹殺するだろう。",""
"410311","3435921409","","そうか、あんたも……",""
"410312","3435921409","","クラトスさん？",""
"410313","3435921409","","人間がどうなろうと、
そんなことは知った
ことではない。",""
"410314","3435921409","","俺は俺のやることを
やるだけ……",""
"410315","3435921409","","……どういうことなんですか？",""
"410316","3435921409","","少なからず……
あの男と私は同類だ
ということだ。",""
"410317","3435921409","","？？？",""
"410318","3435921409","","そのうち、
話す機会もあるだろう。",""
"410319","3435921409","","……わかりました。
今は聞かないでおきます。",""
"410320","3435921409","","すまない…",""
"410400","3435921409","","あなたは……",""
"410401","3435921409","","………………",""
"410402","3435921409","","まだ、バルバトスの後を
追っているのか？",""
"410403","3435921409","","俺の勝手だ。",""
"410404","3435921409","","本気であの男に敵うと
思っているのか？",""
"410405","3435921409","","敵わぬともやる。
この命を落とそうとも。",""
"410406","3435921409","","そんな……
……どうして、そこまで？",""
"410407","3435921409","","奴は、俺の
大事なものを奪い去った。",""
"410408","3435921409","","心に残った空虚感は、
もはや俺に生きる希望すら
残してくれはしないのだ。",""
"410409","3435921409","","例えこの命散らそうとも
構わない。だから、止めるな。",""
"410410","3435921409","","……命を賭けてもいいほど
大切なものがあるなんて……",""
"410411","3435921409","","おまえにはないのか、
そういうものは。",""
"410412","3435921409","","大切なものはあります。
でも、死んでもいいくらい大切なもの……
そんなものは……僕にはないかも知れません。",""
"410413","3435921409","","それでいいのだ。
おまえは間違ってない。",""
"410414","3435921409","","憎しみは癒されなければならない。
失われた心の空白は……
何かに埋められるべきだ。",""
"410415","3435921409","","憎しみに捉われ続ければ、
同じところを回り続ける。",""
"410416","3435921409","","悲しい、ですね……",""
"410417","3435921409","","ああ……
だが、おまえが
案ずることではない。",""
"410418","3435921409","","さぁ……行くぞ。",""
"410419","3435921409","","……はい。",""
"420000","3435921409","","ねえ、リオンさん、
前から思ってたんだけど……",""
"420001","3435921409","","リオンさんって、
どうしてオレに
親切にしてくれるの？",""
"420002","3435921409","","……何だ、いきなり。",""
"420003","3435921409","","オレが、父さんの息子だから？
……それだけ？",""
"420004","3435921409","","……フン。そんなに知りたいか？
それはな……",""
"420005","3435921409","","おまえがいつまでも手のかかる
ガキだからだ。",""
"420006","3435921409","","そんなぁ～！
オレ、ガキなんかじゃないよ！",""
"420007","3435921409","","あれは……まさか。",""
"420008","3435921409","","どうしたの？　リオンさん。",""
"420009","3435921409","","あっ、ちょっと待ってよー!!",""
"420010","3435921409","","……！　誰だ!!",""
"420011","3435921409","","おまえは……",""
"420012","3435921409","","やはり、アッシュ……
おまえだったのか。",""
"420013","3435921409","","リオン・マグナス……",""
"420014","3435921409","","ふん。前大会以来だな。",""
"420015","3435921409","","はあはあ……
ひどいよ、置いてくなんて……",""
"420016","3435921409","","ん？　リオンさん、この人は？",""
"420017","3435921409","","おまえも苦労が絶えないようだな。
騎士団長、シグルスときて、
次はガキのお守りか？",""
"420018","3435921409","","オレはガキじゃないってば!!",""
"420019","3435921409","","構うな、カイル。",""
"420020","3435921409","","アッシュ。おまえは、三年前から行方が
分からなくなったと聞いていたが。",""
"420021","3435921409","","新帝国（ニーズホッグ）に戻ってきたのか？",""
"420022","3435921409","","はっ！　戻るだと？
まさか。",""
"420023","3435921409","","単に用があって
立ち寄っただけのこと。
……それが済めばすぐに去る。",""
"420024","3435921409","","こんな国。",""
"420025","3435921409","","フン……用、か。",""
"420026","3435921409","","少なくとも、今回の大会に
関係することではなさそうだな。",""
"420027","3435921409","","ほう？
どうしてそんなことが分かる。",""
"420028","3435921409","","いつもの殺気がないからな。",""
"420029","3435921409","","ユグドラシルバトルに関わることなら
こうは穏やかにいかないはずだ。",""
"420030","3435921409","","……ちっ。
つまんねえことに気が付きやがる。",""
"420031","3435921409","","ねえねえリオンさん、この人誰なの？
用って何だろう。観光とかかな？",""
"420032","3435921409","","誰が観光だ、
馬鹿も休み休み言え、ガキ！",""
"420033","3435921409","","……今日は命日なんだよ!!
故人を偲びに来て何が悪い！",""
"420034","3435921409","","あっ……ごめんなさい。",""
"420035","3435921409","","……大切な人だったの？",""
"420036","3435921409","","さあな。……ただ
特別な存在ではあった。",""
"420037","3435921409","","潔癖なくらい、使命感の強いやつで。",""
"420038","3435921409","","国民のことを本当に、心から大切に想い
結果、民からも厚く慕われ、
信頼されていた。",""
"420039","3435921409","","……あの頃、よく話したもんだ。
この国の行く末、民の幸せについて。
自分達に何ができるのか。",""
"420040","3435921409","","俺はあいつの力になりたかった……
二人でこの国を変えたかった。",""
"420041","3435921409","","たとえどんなことがあっても
俺たちはずっとここにいて、民のために
できることをしていこうと約束した。",""
"420042","3435921409","","……",""
"420043","3435921409","","……だがそれも所詮、昔の話だ。
真実を知る前の
お気楽な幻想に過ぎない。",""
"420044","3435921409","","……それは違うな。",""
"420045","3435921409","","何？",""
"420046","3435921409","","どんな事情があったにせよ、
その時交わした思いが本当なら
その約束は今も生きている。",""
"420047","3435921409","","……たとえ、目の前の現実に
惑うことが時にあろうとも、な。",""
"420048","3435921409","","……？",""
"420049","3435921409","","ふん……くだらねえ。",""
"420050","3435921409","","約束……そんなもの
今更……",""
"420051","3435921409","","……ねえ、リオンさん。",""
"420052","3435921409","","何だ。",""
"420053","3435921409","","リオンさんは前に、父さんのこと
裏切り者だって言ったけど……",""
"420054","3435921409","","本当は、父さんのことを信じてるの？",""
"420055","3435921409","","……なぜそう思う。",""
"420056","3435921409","","あはは、理由はないんだ。
ただ、なんとなく……父さんのこと
言ってるのかなって気がしただけ。",""
"420057","3435921409","","アッシュさん……また会えるかな。
すごく悲しい目をしてた……",""
"420058","3435921409","","……大切な人を亡くして、自分が
一人ぼっちみたいな気持ちに
なっちゃったのかもしれない。",""
"420059","3435921409","","会えたら話しかけてやればいい。
あいつもおまえの大好きな
『英雄』だからな。",""
"420060","3435921409","","しかも、前大会シグルスだ。",""
"420061","3435921409","","えっ、そうなの!?
もしかして、すごい人と
話してたの、オレ!?",""
"420062","3435921409","","……って、も～～～
置いてかないでよ、リオンさんー!!",""
"420100","3435921409","","あれっ。あそこにいるのって……",""
"420101","3435921409","","何だ。
またおまえたちか。",""
"420102","3435921409","","何だとはまたご挨拶だな。",""
"420103","3435921409","","あの……アッシュさんっ！",""
"420104","3435921409","","っ！　……いきなり
何なんだ。おまえは！",""
"420105","3435921409","","あっ……ご、ごめんなさい。",""
"420106","3435921409","","あの……アッシュさんって
英雄なんですよね？
リオンさんから聞きました。",""
"420107","3435921409","","鮮血のアッシュ……",""
"420108","3435921409","","そう言われるほどの使い手で
新帝国（ニーズホッグ）の政治を
立て直すと言われた人だったって。",""
"420109","3435921409","","……昔の話だ。",""
"420110","3435921409","","オレ！　父さんが英雄スタンで！
父さんみたいな英雄になりたいんです!!",""
"420111","3435921409","","だから……オレと勝負して下さい!!",""
"420112","3435921409","","おい、カイル！",""
"420113","3435921409","","同じ英雄といわれたアッシュさんと
戦えば、自分の力がハッキリ分かると
思うんです。",""
"420114","3435921409","","オレが、英雄になれるかどうかが……",""
"420115","3435921409","","カイル、馬鹿なことを言うな。
大体……",""
"420116","3435921409","","良いだろう。",""
"420117","3435921409","","……っ!?",""
"420118","3435921409","","本当!?　アッシュさんっ。",""
"420119","3435921409","","ありがとう!!",""
"420120","3435921409","","馬鹿が。礼を言うのは俺に
勝ってからにするんだな。",""
"420121","3435921409","","……それと、一つ条件がある。
この勝負に負けたら
シグルスを降りろ。すぐにだ。",""
"420122","3435921409","","英雄になるなどと
くだらねえ戯言、
二度と口にするんじゃねえ。",""
"420123","3435921409","","うん……",""
"420124","3435921409","","分かったよ！",""
"420125","3435921409","","……どうなっても
知らないからな、僕は。",""
"420126","3435921409","","大丈夫だよ、リオンさん！
オレは絶対に、負けない!!",""
"420127","3435921409","","だから、見てて!!",""
"420128","3435921409","","ふん。子犬野郎が大口叩くな！
来いよ。現実ってものを教えてやる!!",""
"420129","3435921409","","はあはあ……やったか!?",""
"420130","3435921409","","いや……まだだ！",""
"420131","3435921409","","悪くはない……が、まだ詰めが甘いな。
英雄の息子といえど、所詮この程度か。",""
"420132","3435921409","","……っ！
ま、まだだ！　もう一回!!",""
"420133","3435921409","","何度やっても同じだ。諦めろ！",""
"420134","3435921409","","先の知れた未来のために努力するのは
ただの馬鹿だ。いい加減そのことに
気が付きやがれ！",""
"420135","3435921409","","……っ!!
先の分かってる未来なんて……ないっ！",""
"420136","3435921409","","オレは……自分で自分の未来を
切り開くんだ。オレだけじゃない、きっと
誰だってそうして、自分自身と戦ってる。",""
"420137","3435921409","","アッシュさんだってそうでしょう？
大切な約束……大切だった人のために
未来を諦めていないよねっ？",""
"420138","3435921409","","だったら……オレだって同じだよっ!!",""
"420139","3435921409","","っ！　重い……!?",""
"420140","3435921409","","こいつ……本気で
信じてるっていうのか……",""
"420141","3435921409","","自分の……可能性を……っ！",""
"420142","3435921409","","そこまでだ。
アッシュ、もういいだろう。",""
"420143","3435921409","","……ったく。まさかここまで
筋金入りの馬鹿だったとは、な……",""
"420144","3435921409","","……はあはあ……アッシュさん、
オレ……シグルスを……！",""
"420145","3435921409","","カイル。この戦い、途中で挫折したり
するんじゃねえぞ。",""
"420146","3435921409","","諦めたくねえ願いなら、最後まで
貫いてあがけ。",""
"420147","3435921409","","……それが、シグルスとしての務めだ。
いいな？",""
"420148","3435921409","","……!!　アッシュさん……",""
"420149","3435921409","","うん、オレ、頑張るよ！
だから。",""
"420150","3435921409","","アッシュさんも頑張って!!",""
"420151","3435921409","","……ッ！",""
"420152","3435921409","","ばっ……馬鹿野郎！
誰に向かって言ってやがる！",""
"420153","3435921409","","おまえ以外に誰がいる。",""
"420154","3435921409","","そういう話をしてるんじゃねえ！",""
"420200","3435921409","","みゅう？",""
"420201","3435921409","","なんだか
ステキな匂いがするですの～♪",""
"420202","3435921409","","あれ？
リオンさん、ナビミュウが
どこかに行っちゃったよ。",""
"420203","3435921409","","まったく、頼りにならないナビだ。",""
"420204","3435921409","","みゅう！
美味しそうな焼きキノコ発見ですの～！",""
"420205","3435921409","","動くな晩メシっ！
ツインバレット!!",""
"420206","3435921409","","みゅうぅ～～～!?",""
"420207","3435921409","","よっし！
『焼きキノコをエサに肉ゲット作戦』
大成功～♪",""
"420208","3435921409","","肉って……
イリア、こいつ魔物だよ？",""
"420209","3435921409","","魔物じゃないわよ。
あたしの故郷じゃ『ブタザルモドキ』って
いって、すごい御馳走なのよ。",""
"420210","3435921409","","本当に食べるの!?",""
"420211","3435921409","","心配しなくても、
あんたにも分けてあげるわよ。
でも、耳はあたしのよ。",""
"420212","3435921409","","ぐふふ、こいつの耳が
また珍味なのよねぇ♥",""
"420213","3435921409","","半分は唐揚げにして塩で、
半分は刺身にして酢しょう油で
美味しくいただいちゃお～っと♪",""
"420214","3435921409","","みゅ、みゅう……
食べないでくださいですの……",""
"420215","3435921409","","ナビミュウは珍味じゃないですのー。",""
"420216","3435921409","","げっ、生きてる!?
こいつ、あたしの攻撃を
かわしたっての？",""
"420217","3435921409","","その前に魔物が
しゃべってることに驚こうよ！",""
"420218","3435921409","","魔物じゃなくて、
ブタザルモドキだってば！",""
"420219","3435921409","","ブタザルじゃなくて
ナビミュウですのー!!",""
"420220","3435921409","","うわわっ、こいつ火を噴いた!?",""
"420221","3435921409","","あちゃちゃちゃーーーっ!!",""
"420222","3435921409","","あっ、リオンさん。
ナビミュウがいたよ！",""
"420223","3435921409","","怖かったですのー！
赤毛のオバケに
食べられそうになったですのー!!",""
"420224","3435921409","","訳のわからないことを言ってないで、
しっかりナビをしろ。
こんな森からは、さっさと立ち去るぞ。",""
"420225","3435921409","","はいですの！
ナビミュウはブタザルじゃなくて
タチサルですの！",""
"420226","3435921409","","……タチサル？",""
"420227","3435921409","","おい待てよ、ナビミュウー！",""
"420300","3435921409","","速すぎだぞ、ナビミュウ。
もっとゆっくり行こうよ。",""
"420301","3435921409","","この森は早く抜けた方がいいですの！",""
"420302","3435921409","","赤毛のオバケが
出そうな気がするですのっ！",""
"420303","3435921409","","赤毛のオバケ……？
なんのことだ？",""
"420304","3435921409","","痛てて……不覚。
あたしとしたことが自分で仕掛けた
罠にかかるなんて。",""
"420305","3435921409","","もうブタザルモドキを
捕まえるのは、諦めようよ。",""
"420306","3435921409","","嫌よ！　ことわざにも言うでしょ？
『ハラが減っては
ユグドラシルバトルはできぬ』って。",""
"420307","3435921409","","そんなことわざ……あったかな？",""
"420308","3435921409","","はい、これでよし。
あんまり無茶しないでよ。",""
"420309","3435921409","","ありがと。
いつもながらいい手際ねぇ。",""
"420310","3435921409","","あんたって、将来は
いいお医者さんになれるかもね。",""
"420311","3435921409","","そ、そうかな？",""
"420312","3435921409","","ま、普段は頼りなさすぎだけどね。",""
"420313","3435921409","","あたしの夢の中に出てくる
あんたは、すっごく強くて
頼りがいがあるのにさ。",""
"420314","3435921409","","イリアだって、僕の夢の中じゃ
すごく美人でおしとやかだよ！",""
"420315","3435921409","","なによぉー！
あんたは、あたしより
夢の中のあたしの方が好きなわけ!?",""
"420316","3435921409","","イリアこそ、
夢の中の僕が好きなの!?",""
"420317","3435921409","","ゆ、夢の中のあんたの方が
好きなんて……
そんな風に思ったことないわよ……",""
"420318","3435921409","","僕も……同じだよ。
今のイリアを僕は――",""
"420319","3435921409","","…………",""
"420320","3435921409","","カイル、なにをしている？",""
"420321","3435921409","","しーっ！
今、いいとこなのに！",""
"420322","3435921409","","ちょっ……
なに見てんのよ、あんたたちっ！
覗き？　覗きねっ！",""
"420323","3435921409","","ルカ、この覗きどもを
やっつけるわよ！",""
"420324","3435921409","","う……うんっ！",""
"420325","3435921409","","うう、覗きどもに負けるなんてぇ～。",""
"420326","3435921409","","『ども』は、訂正しろ。
カイルの非礼に
僕まで巻き込まれるいわれはない。",""
"420327","3435921409","","あっ、ブタザルモドキ発見！",""
"420328","3435921409","","あっ、赤毛のオバケですの！
食べられちゃうですのー!!",""
"420329","3435921409","","逃がすか、晩メシっ！
追うわよ、ルカ！",""
"420330","3435921409","","ま、待ってよ、イリア！",""
"420331","3435921409","","……なんなんだ、あいつらは？",""
"420332","3435921409","","さぁ……？
夢の中がどうとか言ってたけど？",""
"430000","3435921409","","次の目的地は
この方角でいいのか？",""
"430001","3435921409","","ああ、こっちで
いいはず……っ!?",""
"430002","3435921409","","アイシクルレインッ！",""
"430003","3435921409","","魔神剣っ！",""
"430004","3435921409","","さすがに同じ手は食わない、か。",""
"430005","3435921409","","その声……アッシュか！",""
"430006","3435921409","","待っていたぞ、スタン。",""
"430007","3435921409","","おまえ、また……
何のつもりで！",""
"430008","3435921409","","……おまえの息子に会った。",""
"430009","3435921409","","……何？
まさか、お前っ！",""
"430010","3435921409","","荒削りだが、悪くない腕だ。",""
"430011","3435921409","","父親のような英雄に
なりたいというのも、
口先だけではないらしい。",""
"430012","3435921409","","……",""
"430013","3435921409","","カイルが……そう言ったのか？",""
"430014","3435921409","","スタン、油断するな。
隙を突く作戦かもしれん。",""
"430015","3435921409","","あいつはおまえとの未来を信じている。
馬鹿みたいに大真面目にな。",""
"430016","3435921409","","おまえはどうなんだ？",""
"430017","3435921409","","え？",""
"430018","3435921409","","おまえは、何のために戦う。
大方こいつの復讐のために
動いているんだろうが……",""
"430019","3435921409","","ただの復讐で終わらせるわけでは
ないだろう？",""
"430020","3435921409","","復讐で、終わる……
俺は……",""
"430021","3435921409","","……ふん。
即答できない、か。",""
"430022","3435921409","","呆れた英雄だな。己の剣で
切り開くべき先も見えていないとは。",""
"430023","3435921409","","――雷神剣!!",""
"430024","3435921409","","！　しまった！",""
"430025","3435921409","","甘い！",""
"430026","3435921409","","魔王絶炎煌!!",""
"430027","3435921409","","ぐあぁぁあっ!!",""
"430028","3435921409","","何をしている、スタン!!
集中しろ！",""
"430029","3435921409","","どうした、
おまえの覚悟はそんなものか？",""
"430030","3435921409","","復讐が聞いて呆れるな！",""
"430031","3435921409","","……っ、こいつっ!!",""
"430032","3435921409","","俺は、この世界を変える！
果たさねばならない
約束のために……っ。",""
"430033","3435921409","","この先へ進みたくば、おまえの
思いの強さ、剣で示せ！
おまえの息子がそうしたように!!",""
"430034","3435921409","","ぐぅ……っ。
英雄の肩書きは伊達ではない、か。",""
"430035","3435921409","","はあはあ……
さすがに……強いな。",""
"430036","3435921409","","カイルはおまえに勝ったのか……",""
"430037","3435921409","","そうか……俺の知らない間に
あいつも進んでるんだな……前へ。
そうか……そう、だよな……",""
"430038","3435921409","","……",""
"430039","3435921409","","……おい！
迷うくらいならやめておけ。
復讐など。",""
"430040","3435921409","","俺にも、打ち倒したいものはある。
だが、その他にも成すべきこと、
手のかかる出来損ないも一人いてな。",""
"430041","3435921409","","煩わしいのも確かだが、それが俺の
これまで生きてきた証。この先も
生きていく意味だと今は思う。",""
"430042","3435921409","","おまえの目指す先が、自分のしたことに
けじめをつけるということなら、それを
一人で抱え込むのは間違っている。",""
"430043","3435921409","","……復讐だけの未来を悲しむ者は
カイル一人じゃないはずだ。
そうだろう？",""
"430044","3435921409","","分かってる。
分かってるよ……けど、
俺は……っ",""
"430045","3435921409","","……スタン。",""
"430046","3435921409","","……
迷っている場合ではない、な。",""
"430047","3435921409","","……俺も。",""
"430100","3435921409","","イリア……
僕、全部思い出しちゃったよ。",""
"430101","3435921409","","うん。あたしも……",""
"430102","3435921409","","あたしたちが見ていた夢は
ただの夢じゃない。
過去にあった事実だったのね。",""
"430103","3435921409","","きみは、天界の天使イナンナ。",""
"430104","3435921409","","あんたは、天界の武人アスラ。",""
"430105","3435921409","","……天界の人たちは、
地上の人間を高みから
支配したつもりになっていた。",""
"430106","3435921409","","アスラとイナンナは
そんな心が悲しかったんだよね。",""
"430107","3435921409","","だから、一緒に地上に
転生する道を選んだ。
だって、ふたりは――",""
"430108","3435921409","","恋人同士だったから。",""
"430109","3435921409","","けど、勘違いしないでよね！",""
"430110","3435921409","","あたしはイリア・アニーミ！
イナンナじゃないんだから!!",""
"430111","3435921409","","そう……だよね。
僕もアスラみたいに強くないし……",""
"430112","3435921409","","それが勘違いだってのよ！
あんたはルカ・ミルダ!!",""
"430113","3435921409","","あたしの大事な相棒……でしょ？",""
"430114","3435921409","","今のあたしが、本当のあたし。",""
"430115","3435921409","","あたしは、この世界で
あんたと出会えて嬉しかったわ、ルカ。",""
"430116","3435921409","","うん！
僕もだよ、イリア。",""
"430117","3435921409","","よっし！
んじゃ、お腹すいたし
まず食料を狩りますか！",""
"430118","3435921409","","ええ!?
ユグドラシルバトルはどうするの？",""
"430119","3435921409","","そんなもん、あとあと！",""
"430120","3435921409","","昔から言うでしょ？
『ユグドラシルバトルに
腹は代えられない』って！",""
"430121","3435921409","","……い、言うかなぁ？",""
"430122","3435921409","","今の自分が本当の自分……か。
過去にとらわれぬ強い子どもたちだ。",""
"430123","3435921409","","うん。
でも、決着をつけなきゃならない
過去もある。",""
"430124","3435921409","","わかっている。
行くぞ、スタン！",""
"430200","3435921409","","おまえ……",""
"430201","3435921409","","こいつは……
精霊闘技島行きの船の……",""
"430202","3435921409","","ああ。どこかの誰かさんに騙されて、
船を出しちまった大ばか野郎さ。",""
"430203","3435921409","","あの時はゴメン、
でも、どうしても精霊闘技島へ
行きたくて……",""
"430204","3435921409","","もういい……
あんな前のことで
怒っちゃいられない……",""
"430205","3435921409","","そう言えば、
おまえの息子に会ったぞ。",""
"430206","3435921409","","カイルにか……？",""
"430207","3435921409","","おまえのことを探してた。
ずいぶん……
探し回ってたみたいだ。",""
"430208","3435921409","","…………",""
"430209","3435921409","","俺にはあいつの気持ちが
わかる気がする……",""
"430210","3435921409","","大切な人を……
探す気持ち……",""
"430211","3435921409","","……おまえも、
大切な人を探してるのか？",""
"430212","3435921409","","ああ……妹を、な……
海に落ちて行方不明になった……",""
"430213","3435921409","","ふわふわの金髪を
編みこみにした美少女だ。",""
"430214","3435921409","","自分の妹を美少女とは……
呆れるやつだ。",""
"430215","3435921409","","なんか言ったか？",""
"430216","3435921409","","い、いや、なんにも……",""
"430217","3435921409","","そのことで、
ムシャクシャして、周りに
あたり散らした時期もあって。",""
"430218","3435921409","","ずいぶん、多くのヤツらに
迷惑をかけてしまった……",""
"430219","3435921409","","それくらい
大事な人だったんだな。",""
"430220","3435921409","","ああ……",""
"430221","3435921409","","そうだ……
お前らもどこかで、
見なかったか？",""
"430222","3435921409","","うーん、手がかりが
それだけじゃあなぁ……",""
"430223","3435921409","","そう……だよな……
すまない……",""
"430224","3435921409","","いや、こっちこそ……",""
"430225","3435921409","","そうだ……！
ユグドラシルバトルに
参加してみたらどうだ？",""
"430226","3435921409","","『大いなる実り』が手に入れば、
妹さんが見つかるよう
お願いできるかもしれない。",""
"430227","3435921409","","ユグドラシルバトルは
もう始まっているのだぞ。",""
"430228","3435921409","","そっか……ごめん、
あまり頼りにならなくて。",""
"430229","3435921409","","いや……
ユグドラシルバトルか……",""
"430230","3435921409","","自分が参加するなんて……
考えてもみなかった……",""
"430231","3435921409","","早く妹さんが見つかるといいな。
俺も気にかけておくよ。",""
"430232","3435921409","","ありがとう。
お前も早く息子のところに
戻ってやれよ。",""
"430233","3435921409","","あ、ああ、うん……",""
"440000","3435921409","","おい、まずいだろ、
島から二人とも出てきたら！",""
"440001","3435921409","","じゃあチェスターが戻れば？
あたし一人で買い物してくるから♪",""
"440002","3435921409","","もともとあたしはそのつもりだったのに
どっかのツリ目が勝手にコソコソ
付いて来たのがいけないんだし？",""
"440003","3435921409","","んなこと言って、また
余計なもの買ってきたり
無駄遣いするだろ、おまえは！",""
"440004","3435921409","","しっつれいしちゃうわね～、
そんなことないわよ！",""
"440005","3435921409","","洋服見てー、美味しいもの食べてー、
あとは男の人に言えないあ～んなものや",""
"440006","3435921409","","こ～んなものをちょっと買ってく
だけだもん!!",""
"440007","3435921409","","って、必要物資は何も調達しないのかよ！",""
"440008","3435921409","","やっぱりおまえは信用できねえ、
買い物は俺が代わりに行く！",""
"440009","3435921409","","あ・た・し・が・行くの！",""
"440010","3435921409","","俺が！",""
"440011","3435921409","","あたしが！",""
"440012","3435921409","","痛ってえ！",""
"440013","3435921409","","！　悪い……",""
"440014","3435921409","","だーっ、どこ見て歩いてんだよこのボケ！
デコっぱち!!",""
"440015","3435921409","","!!
だっ、誰がデコっぱちだ!?",""
"440016","3435921409","","ルーク!!",""
"440017","3435921409","","あはははは！　デコっぱちだって！
言えてる～。",""
"440018","3435921409","","おい！　アーチェ！　笑いすぎだぞ!!",""
"440019","3435921409","","おい。謝りやがれ、この天然トサカ頭！",""
"440020","3435921409","","誰がトサカ頭だよ!?　ぶつかってきたのは
そっちだろうが！　ぶっ飛ばすぞ!!",""
"440021","3435921409","","上等だ！",""
"440022","3435921409","","ちょっと、二人ともやめて！
お願い、あなたも一緒に止めてもらえないかしら……",""
"440023","3435921409","","へっ？　あたしも??",""
"440024","3435921409","","しょうがないなぁ～。
んじゃまあ、ちゃちゃっとやっちゃいますか！",""
"440025","3435921409","","見たか、デコ野郎！　ざまあねえな!!",""
"440026","3435921409","","……っ、デコって言うな！
調子に乗るなよ、腹出しトサカ!!",""
"440027","3435921409","","トサカじゃねーっつの、
この暴力ツリ目デコ頭!!",""
"440028","3435921409","","二人とも、いい加減にして！
自警団が来るわ。街の人が通報したみたい。",""
"440029","3435921409","","これ以上騒ぎが大きくなる前に行くわよ。",""
"440030","3435921409","","げっ！　マジかよ……",""
"440031","3435921409","","これって、バレたら大目玉じゃん!?
行くよ、チェスター！",""
"440032","3435921409","","おい、ちょ、待てよ！
買い物はどうすんだよ!!",""
"440033","3435921409","","おいおまえら！　次に会ったら
ただじゃおかねーからな！　覚えてろ!!",""
"440034","3435921409","","もう……どこのチンピラの台詞よ。",""
"440100","3435921409","","いよいよ決勝戦に参加するメンバーが
出揃ったようだな。港に船が来ていた。",""
"440101","3435921409","","今日の日のために……あれからずっと
俺たち二人は修行してきたんだ。",""
"440102","3435921409","","今度こそ、世界樹を守りぬくぞ！",""
"440103","3435921409","","うん……失敗したら、世界から
マナが永遠に失われちゃうかも
しれないんだもんね。",""
"440104","3435921409","","大丈夫！　とにかくあやしいやつを
片っ端から捕まえれば
いいんでしょ!?",""
"440105","3435921409","","楽勝だって！",""
"440106","3435921409","","片っ端って……まあ、逃がすよりは
良いけどさ……無茶はすんなよな？",""
"440107","3435921409","","痛ってえ！",""
"440108","3435921409","","っ！　悪い……って
おまえ……あの時の!?",""
"440109","3435921409","","おまえ……デコっぱちか!?
なんでここに！",""
"440110","3435921409","","誰がデコだ、この腹出しトサカ!!",""
"440111","3435921409","","ルーク。何しているの？
あ……あなた達は。",""
"440112","3435921409","","聞いて驚け。俺たちの仕事は
この島の守護。つまり……",""
"440113","3435921409","","こういうことができるんだよっ!!",""
"440114","3435921409","","うわっ、痛ててててて！
馬鹿、やめろって！　何すんだよ!!",""
"440115","3435921409","","ルーク！",""
"440116","3435921409","","ちょっと待って、誤解よ。私たちは……",""
"440117","3435921409","","散々デコだのハゲだの言ってくれた
お礼をたっぷりしてやらないとなぁ？",""
"440118","3435921409","","覚悟しやがれ、腹出し不審者トサカ頭！",""
"440119","3435921409","","だあああ！　痛てーって！",""
"440120","3435921409","","つか、俺、ハゲなんて言ってねー!!",""
"440121","3435921409","","チェスター、チェスター。",""
"440122","3435921409","","はははは、問答無用!!
……って、何だよ、今忙しいんだ。
後に……",""
"440123","3435921409","","この人達、持ってるよ。
『ベルザンディフラッグ』。",""
"440124","3435921409","","あーはいはい、
『ベルザンディフラッグ』な。
後で見てやるから待っ……!?",""
"440125","3435921409","","フラッグ!?
持ってるのか、こいつが!?",""
"440126","3435921409","","私たちは今大会決勝戦参加者よ。
不審者なんかじゃないわ。
だから、彼を離して。",""
"440127","3435921409","","……ぷはっ！",""
"440128","3435921409","","ったく、何なんだよ、一体……
ちゃんと確認してから拘束しろよな。
ったく。",""
"440129","3435921409","","あ……わ、悪かった。",""
"440130","3435921409","","ケガはないか？",""
"440131","3435921409","","ああ、大丈夫だ。
それに、デコっぱちって言ったのは
事実だしな……俺も悪かったよ。",""
"440132","3435921409","","誰だって、自分の気にしてること
いきなり言われたら気分悪いよな。",""
"440133","3435921409","","ごめん。",""
"440134","3435921409","","お、おう……",""
"440135","3435921409","","ほんとにごめんね。でも、あいつのこと
悪く思わないでやって。",""
"440136","3435921409","","典型的なマッハ早トチリ男で
確かに使えない
デコっぱちだけど……",""
"440137","3435921409","","根は良いやつなの。ちょっと仕事に
熱心すぎるっていうか……
そこがあいつの良いとこなんだけどさ。",""
"440138","3435921409","","あははっ。なんか上手く言えないや。
ごめん、今のナシ！",""
"440139","3435921409","","ふ～ん。
二人は仲が良いんだな。",""
"440140","3435921409","","へっ？",""
"440141","3435921409","","そっ、そんなんじゃねえよ！
ただ、俺は……こいつが
暴走じゃじゃ馬女すぎるから。",""
"440142","3435921409","","危なっかしくて放っとけないって
いうか……
傍で見ててやりたいっていうか。",""
"440143","3435921409","","な……なによ。
チェスターのくせに、生意気じゃん。",""
"440144","3435921409","","べっ……別に、俺は……",""
"440145","3435921409","","はいはい、ごちそうさま。
ティア、行こうぜ。",""
"440146","3435921409","","前から思ってたけど……
あの空飛ぶホウキ……
可愛い……",""
"440147","3435921409","","おーい、ティア？",""
"440200","3435921409","","痛てっ！",""
"440201","3435921409","","……だーーもう、
何だよ！　何か踏んだぞ!?",""
"440202","3435921409","","青い……鉱石？
これは……",""
"440203","3435921409","","それを譲っていただけませんか！",""
"440204","3435921409","","突然申し訳ありません。
私、フィリア・フィリスと申します。",""
"440205","3435921409","","その鉱石をずっと探していて……
良かったら、それを私に
譲っていただけませんか？",""
"440206","3435921409","","構わないけれど……この鉱石、何か
特別なものなの？",""
"440207","3435921409","","はい。私の新しいボムの精製に
欠かせない鉱石なんです。",""
"440208","3435921409","","……新しいボム？",""
"440209","3435921409","","ええ……",""
"440210","3435921409","","この鉱石を加えれば……
既存のボムの数倍に
火力が跳ね上がるの。",""
"440211","3435921409","","山一つくらい
軽く吹き飛ばすことも……ふふ。",""
"440212","3435921409","","懸念点は量産ができないこと……",""
"440213","3435921409","","……あの……？",""
"440214","3435921409","","はっ。",""
"440215","3435921409","","私……今、何を……",""
"440216","3435921409","","大丈夫か、このメガネ女……",""
"440217","3435921409","","目ぇ開けながら
寝てんじゃねーのか？",""
"440218","3435921409","","フィリアさん！",""
"440219","3435921409","","こちらには例の鉱石は
見当たらず……",""
"440220","3435921409","","小僧……おめぇ、フィリアさんに
何をしようとしていた!!!?",""
"440221","3435921409","","あの、コングマンさん。これは……",""
"440222","3435921409","","フィリアさんは俺様が守ーーる！",""
"440223","3435921409","","うおおおおおおおおお!!!!",""
"440224","3435921409","","わっはっは。まさかあんたらが
鉱石を見つけてくれてたとはな。
礼を言うぜぇ。",""
"440225","3435921409","","いきなり襲い掛かって悪かったな！",""
"440226","3435921409","","ったく、襲い掛かる前に
確認くらいしろっての……
なんなんだよ、こいつ。",""
"440227","3435921409","","俺様か？　俺様はマイティ・コングマン。",""
"440228","3435921409","","騎士国家（フレスヴェルグ）の
格闘チャンピオンだ！",""
"440229","3435921409","","ふん、今日も決まった……!!",""
"440230","3435921409","","アホか、おまえ!!",""
"440231","3435921409","","フィリアさん、これであの実験も
大成功間違いなしですね!!",""
"440232","3435921409","","そうですね。",""
"440233","3435921409","","これでようやく……あれの開発に
着手できるわ……ふふふふ。",""
"440234","3435921409","","……あ、あの……？",""
"440235","3435921409","","……はっ。",""
"440236","3435921409","","こうしてはいられません。
戻って実験の準備をしなければ。",""
"440237","3435921409","","お二人とも、ご協力どうも
ありがとうございました。",""
"440238","3435921409","","行きましょう、コングマンさん！",""
"440239","3435921409","","ま、待って下さい、フィリアさん!!",""
"440240","3435921409","","次に会った時は、こうはいかねえぜ。
喧嘩を売る相手を
間違えねえようにな、小僧！",""
"440241","3435921409","","じゃあな!!",""
"440242","3435921409","","結局何だったのかしら、あの人たち……",""
"440243","3435921409","","知らねーよ。……けど、なんか
どっと疲れたぜ……",""
"440300","3435921409","","ルークさん、ティアさん！",""
"440301","3435921409","","良かった。お二人のこと、
捜していたんですよ。",""
"440302","3435921409","","あなたは……確か、フィリアさん？",""
"440303","3435921409","","捜していたって、私たちを？",""
"440304","3435921409","","ええ。お二人のご協力のおかげで
兼ねてより進めておりました
実験も無事、成功しましたので",""
"440305","3435921409","","ささやかではありますが、お礼の品を
お渡ししたいと思いまして。",""
"440306","3435921409","","そんな……礼なんてしてもらうほどの
ことは何もしてないぜ？",""
"440307","3435921409","","なあ、ティア？",""
"440308","3435921409","","そうね。鉱石を見つけたのも
本当に偶然だったし……",""
"440309","3435921409","","良いんです。私が勝手に
お礼をしたいだけなんですから。",""
"440310","3435921409","","ちなみに、
これなんですけれど……",""
"440311","3435921409","","あの……これは……？",""
"440312","3435921409","","自作の滋養強壮ドリンクです。
お口に合うと良いのですけれど……",""
"440313","3435921409","","……いや、なんか、あからさまな
刺激臭がしてるけど……",""
"440314","3435921409","","古来より、『良薬は口に苦し』と申します。
多少香りや味に、難はあるかも
しれませんが……",""
"440315","3435921409","","その分、滋養強壮面に特化した
成分を配合しておりますので
効果はてきめんだと思いますわ。",""
"440316","3435921409","","そうね……",""
"440317","3435921409","","ちょっと特徴的……というか、
まがまがしいくらい紫の液体だけど……
それも仕様……なの？",""
"440318","3435921409","","あら。紫は体に良いんですよ？",""
"440319","3435921409","","多少苦味や渋みがありますが
キャベツやお芋にも紫のものは
ありますわ。",""
"440320","3435921409","","そう……ね……",""
"440321","3435921409","","お二人のために、あれこれ試作を
重ねてみたんです。",""
"440322","3435921409","","実際にコングマンさんにも
飲んでいただいて
効果も実証済みなんですよ♥",""
"440323","3435921409","","こ、この特製ドリンクは、な……",""
"440324","3435921409","","抜群の効果だぜ……!!!!",""
"440325","3435921409","","痺れるほどに……な!!",""
"440326","3435921409","","って、あんたなんか
本気で震えてないか……？",""
"440327","3435921409","","コングマンさん……
そんなに喜んで下さるなんて
作った甲斐がありますわ。",""
"440328","3435921409","","さあ……ルークさんも！",""
"440329","3435921409","","俺!?　あー……いや、あの
俺、アレルギー持ちでさ！",""
"440330","3435921409","","強い成分のドリンク剤とかは
ちょっと……",""
"440331","3435921409","","そうなんですか……",""
"440332","3435921409","","……では、ティアさん？",""
"440333","3435921409","","わ、私も……あっ、
お腹の調子が良くなくて！
いたたたた……",""
"440334","3435921409","","まあ……お二人とも
そんなに体調を押してまで……",""
"440335","3435921409","","分かりました……それでは",""
"440336","3435921409","","なおさら飲んでいただかなくては!!",""
"440337","3435921409","","って、何でだよ!?
わああああああ!!!!",""
"440338","3435921409","","き、気持ちはありがたいけれど……
ごめんなさい!!!!",""
"440339","3435921409","","!!　待って下さい!!",""
"440340","3435921409","","せめて一口だけでも……!!!!",""
"440341","3435921409","","他人の体調に、そこまで
気配りをするフィリアさん……
な、なんとお優しい……",""
"440342","3435921409","","あとは、二人とも……",""
"440343","3435921409","","生きて帰れよ……!!",""
"440344","3435921409","","……ごふっ。",""
"450000","3435921409","","大佐ぁ、こっちに本当に
お目当ての施設があるんですかぁ？",""
"450001","3435921409","","行けども行けども木ばっかですよう。",""
"450002","3435921409","","確証はありませんが、心当たりがあります。
三年前、このあたりで
ある人物と偶然遭遇しましてね。",""
"450003","3435921409","","はぅあ！　前大会の時ですか？
誰のことです？",""
"450004","3435921409","","なあに、大した相手ではありませんよ。
常に空気の読めない、ただの鼻垂れ
科学者です。",""
"450005","3435921409","","鼻垂れ科学者……
なんかばっちい人ですね？",""
"450006","3435921409","","大佐には色んな
お知り合いがいるんですねぇ。",""
"450007","3435921409","","あれを知り合いと
呼べるかは微妙ですが。",""
"450008","3435921409","","まあ細かいことは良いじゃないですか。
私の予想では、そろそろ……",""
"450009","3435921409","","あーっ、見つけたわよ、
この陰険メガネ！",""
"450010","3435921409","","チェスター、こっちこっち！
今度は逃がさないんだから!!",""
"450011","3435921409","","アーチェ。あいつは
『ベルザンディフラッグ』を
持っていない……",""
"450012","3435921409","","確かなんだな？",""
"450013","3435921409","","うん。あたし、
ちゃんと確かめたんだもん。",""
"450014","3435921409","","間違いないよ！　この二人、
フラッグもないのに神殿の
近くをウロチョロしてた！",""
"450015","3435921409","","精霊闘技場、及び
世界樹の神殿への不法侵入の罪で
おまえ達二人を拘束する！",""
"450016","3435921409","","大人しく捕まるんだな！",""
"450017","3435921409","","……だそうですけど、
あれも大佐のお知り合いですかぁ？",""
"450018","3435921409","","全くの誤解ですが、どうやら話し合いに
応じる気もなさそうですね。",""
"450019","3435921409","","仕方ありません……少し大人しく
していただきましょう。",""
"450020","3435921409","","……さて。
お二人とも、気は済みましたか。",""
"450021","3435921409","","くっ……こいつ、ただ者じゃねえ。",""
"450022","3435921409","","ううう……
もうちょっと手加減してよね……",""
"450023","3435921409","","答えてもらいますよ。どうして
私達を襲ったんです？",""
"450024","3435921409","","どうしてって……決まってるだろ。
おまえ達はフラッグを……",""
"450025","3435921409","","フラッグねえ。
これのことですか？",""
"450026","3435921409","","『ベルザンディフラッグ』！　何で!?",""
"450027","3435921409","","おまえ、確認したんじゃ
なかったのかよ!?",""
"450028","3435921409","","確認したよぉ！　あいつら自分で
『そんなものは持ってない』って
言ってたし！",""
"450029","3435921409","","それにそこのロリロリ娘、あたしのこと
つるぺた女って！",""
"450030","3435921409","","ちょっとぉ！　ロリロリ娘って
私のこと!?",""
"450031","3435921409","","……ぶっ潰す!!",""
"450032","3435921409","","何やら面白い展開に
なってきましたねえ。",""
"450033","3435921409","","……そういうことですか。",""
"450034","3435921409","","レプリカ……
一体どこまで……",""
"450035","3435921409","","？　どういうことだよ？",""
"450036","3435921409","","いえ。確認は念入りに、
ということです。守護者たる者、
そのくらい当然できて然るべきです。",""
"450037","3435921409","","しかもこの二人、前大会でも私に
会っているはずですしねえ。",""
"450038","3435921409","","この失態の責任を問うかたちで、
各国の幹部中枢に働きかければ
人事異動は免れないでしょうね。",""
"450039","3435921409","","どこの僻地に飛ばしましょうか……",""
"450040","3435921409","","怨嗟渦巻く死霊の谷か、
灼熱地獄の大砂漠、
死地岩石地帯も捨てがたいですね。",""
"450041","3435921409","","どれが一番お好みです？
お望みの場所へご案内しますよ。",""
"450042","3435921409","","ひいいいっ！　そそ、それだけはっっ！",""
"450043","3435921409","","こ、断るっ！　そんなとこ飛ばされるなんて
こいつの手料理食わされるのと
同じくらい地獄だ!!",""
"450044","3435921409","","……ってあんた、どさくさに紛れて
あたしにケンカ売ってんの!?",""
"450045","3435921409","","あっ……こないだのシチューのこと、
まだ根に持ってたわけっ？",""
"450046","3435921409","","おまえの場合、シチューに
限った話じゃねえだろ！",""
"450047","3435921409","","っていうか、おまえの料理は
ある意味立派な生物兵器だ!!",""
"450048","3435921409","","きぃぃ～～～～っ!!
兵器ですって!?",""
"450049","3435921409","","ちょっと自分が料理が得意だからって
調子に乗っちゃってさ。
バッカじゃないの！",""
"450050","3435921409","","あたしはただ……あんたに
喜んで欲しかっただけなのに……",""
"450051","3435921409","","ばかぁ!!",""
"450052","3435921409","","えっ、おい、アーチェ!?
なんだよ……俺だって……",""
"450053","3435921409","","おまえの料理じゃなかったら、誰が
あんな不味いもの、毎回律儀に
食べたりなんかするかよ。",""
"450054","3435921409","","馬鹿野郎…………は、
この場合、俺か……はは。",""
"450055","3435921409","","まいったな……",""
"450056","3435921409","","もしも～し、なんだか勝手に
どこかの昼ドラみたいなことに
なっちゃってますけど～……",""
"450057","3435921409","","大佐ぁ、こいつらどうします??",""
"450058","3435921409","","放っておきましょう。
痴話喧嘩は犬も食いません。",""
"450059","3435921409","","それにこういう輩は、自然と
上手くまとまるようにできています。
大自然の摂理は偉大ですねえ。",""
"450060","3435921409","","さて。
我々も先を急ぎますよ、アニス。",""
"450061","3435921409","","りょーかーい★",""
"450062","3435921409","","アニスは
　　称号　『ロリロリ娘』
を手に入れました。",""
"450100","3435921409","","ない……ない……",""
"450101","3435921409","","どうしましょう……
困りましたわ……",""
"450102","3435921409","","どこかで見た顔ですね。",""
"450103","3435921409","","何か困ってるみたいですけど～……
どうしますぅ、大佐？",""
"450104","3435921409","","そうですね。
ここはひとまず様子を見ましょう。",""
"450105","3435921409","","あの……コングマンさん？
どこかで私の眼鏡を見ませんでした？",""
"450106","3435921409","","あの……人違いですけど。",""
"450107","3435921409","","あっ……ごめんなさい、
私ったら……",""
"450108","3435921409","","……なるほど。中々に
死活問題のようですね。",""
"450109","3435921409","","相当なド近眼ですねえ～。",""
"450110","3435921409","","でも、前に一緒にいた、
あの暑苦しい大男はどこに
行っちゃったんでしょうね？",""
"450111","3435921409","","はあ……本当に
困りましたわ……",""
"450112","3435921409","","眼鏡がないと……私……",""
"450113","3435921409","","あ、あの……コングマンさん？
すみませんが、眼鏡を……",""
"450114","3435921409","","おかあさ～ん、このおねえちゃん、
何か変なこといってるよ～？",""
"450115","3435921409","","しっ！　見ちゃいけません!!",""
"450116","3435921409","","ああ……ごめんなさい。
ごめんなさい……",""
"450117","3435921409","","……なんだか本気で
かわいそ～な人に
なっちゃってますけどぉ……",""
"450118","3435921409","","いっそ痛快なほどですね。",""
"450119","3435921409","","ほら、アニス。
真打のご登場ですよ。",""
"450120","3435921409","","すみませんフィリアさん、
お待たせしました！",""
"450121","3435921409","","子ども達にサインをねだられて
しまって……
いやぁ、人気者は困りますな！",""
"450122","3435921409","","わははははは!!",""
"450123","3435921409","","むっ？　フィリアさん??",""
"450124","3435921409","","ああ……今度こそ、本当に
コングマンさん……？",""
"450125","3435921409","","あの……もしもあなたが
コングマンさんでしたら……
私の眼鏡をご存知ないですか……？",""
"450126","3435921409","","フィリアさんの眼鏡？",""
"450127","3435921409","","そのポケットに入っているのは
違うんですか??",""
"450128","3435921409","","？　ポケット……？",""
"450129","3435921409","","嫌ですわ、私ったらこんな……！",""
"450130","3435921409","","ありがとうございます、
コングマンさん。良かった……",""
"450131","3435921409","","いやいや、何のこれしき！
わはははは!!",""
"450132","3435921409","","あの……コングマンさん？",""
"450133","3435921409","","これからも……ずっと一緒にいて
下さいね。",""
"450134","3435921409","","フィ、フィ、フィリアさん……っ!!
それ、それはつまり……!!!?",""
"450135","3435921409","","私の代わりに、私の眼鏡を
探して下さる方が必要ですから。",""
"450136","3435921409","","私、本当に眼鏡がないと
何も見えなくて……",""
"450137","3435921409","","これもきっと、神の試練
なのですね……
……？",""
"450138","3435921409","","コングマンさん？",""
"450139","3435921409","","意外と陳腐な落ちでしたね。
まあ、つまらない騒動に
巻き込まれずに済んで何よりです。",""
"450140","3435921409","","っていうかぁ、大佐……
最初から眼鏡がポケットに挿して
あるって、気付いてましたね？",""
"450141","3435921409","","教えてあげればよかったのに～。",""
"450142","3435921409","","いやあ、黙っていた方が
面白いだろうと思ったのですが。",""
"450143","3435921409","","当てが外れました。",""
"450144","3435921409","","…………",""
"450200","3435921409","","おまえら、シグルスだな。",""
"450201","3435921409","","そういうあなたは
シグルスではありませんね。",""
"450202","3435921409","","ああ。でも、おまえらから、
フラッグを手に入れれば、
精霊闘技島に入れる。",""
"450203","3435921409","","アニスちゃんたちは、
そんなに簡単に
負けたりしませんよ？",""
"450204","3435921409","","あなたは下がってなさい、
ここは私一人でやります。",""
"450205","3435921409","","え？　でも……",""
"450206","3435921409","","二対一でやって、
卑怯者呼ばわりされたいですか？",""
"450207","3435921409","","それはヤですぅ……",""
"450208","3435921409","","では、いきますよ？",""
"450209","3435921409","","……行くぞ……！",""
"450210","3435921409","","くっ……負けた……",""
"450211","3435921409","","残念でしたね。
もう少し精進したら、
また相手をして差し上げなくもありませんが。",""
"450212","3435921409","","おっと……",""
"450213","3435921409","","そ、それはあいつの……！",""
"450214","3435921409","","それをどこで手に入れた……？",""
"450215","3435921409","","皇女殿下からいただいた
ものですが……何か？",""
"450216","3435921409","","それはあいつの……
俺の妹が大切にしていた……",""
"450217","3435921409","","あなたの妹さんの……？
何かの間違いでは？",""
"450218","3435921409","","いや、間違いない……！
その皇女とかって
どこにいるんだ？",""
"450219","3435921409","","新帝国（ニーズホッグ）の帝都に
いらっしゃると思いますが……",""
"450220","3435921409","","新帝国（ニーズホッグ）の帝都だな……
わかった。",""
"450221","3435921409","","わかったって……行ったからって、
皇女様に会えるわけないのに。",""
"450222","3435921409","","ふむ……",""
"450223","3435921409","","あーっ、大佐、
また何かたくらんでますね？",""
"450224","3435921409","","わかっちゃいましたか？",""
"450225","3435921409","","いえ、今の皇女様は
実は偽者じゃないかって
噂がありましてね。",""
"450226","3435921409","","あ、それ知ってます！
本物は死んで、
今のは替え玉だって！",""
"450227","3435921409","","でも、それって
あくまでも噂、
ですよね？",""
"450228","3435921409","","そうらしいですね。",""
"450229","3435921409","","だって、あんな、
ふわふわ金髪の人が
二人といるわけないですよ。",""
"450230","3435921409","","さぁ、どうですかね。
火のないところになんとやら……",""
"450231","3435921409","","ま、彼が妹さんに出会えることを
祈りつつ……先を急ぎますよ。",""
"450232","3435921409","","え？　ちょ、思わせぶりな振り
だけして、それだけですか？",""
"450233","3435921409","","大佐～、
待ってくださいってば～！",""
"460000","3435921409","","どうして戻ってきたの？",""
"460001","3435921409","","そりゃ、別の道が
ないかと思ってな。",""
"460002","3435921409","","世界樹神殿へ入る道？",""
"460003","3435921409","","ジュディスさんが
言ってたこと、信用してないの？",""
"460004","3435921409","","いろいろ見て回っといても
損は……",""
"460005","3435921409","","……！",""
"460006","3435921409","","侵入者……ですね？",""
"460007","3435921409","","こりゃ……損しちまったかな。",""
"460008","3435921409","","チェスターさんたちと同じ
番人よ、きっと！",""
"460009","3435921409","","助かったぜ。",""
"460010","3435921409","","……え？",""
"460011","3435921409","","チェスターとかってヤツには
聞きそびれたからな。",""
"460012","3435921409","","ホントに他の道が
ないか、どうかをよ。",""
"460013","3435921409","","許可のない者は
排除……します！",""
"460014","3435921409","","これで負けたら
損したじゃ、すまないん
だからね！",""
"460015","3435921409","","負け……ました。",""
"460016","3435921409","","それじゃ、オレたちの
質問に答えてもらおうか？",""
"460017","3435921409","","……はい。",""
"460018","3435921409","","ねえ、どうしてあなた
みたいな女の子が
ここにいるの？",""
"460019","3435921409","","おいおい、
おまえが先に聞くのかよ……",""
"460020","3435921409","","でも、気になるんだもん。
いいでしょ？",""
"460021","3435921409","","迷子じゃねえだろ。
こんなでかい斧
振り回してるってのによ。",""
"460022","3435921409","","あなた、見たところ……
まだ十二、三歳よね？",""
"460023","3435921409","","家族や友達は？",""
"460024","3435921409","","ママは私がまだ小さい時に
亡くなりました……",""
"460025","3435921409","","パパは病気で体が悪くて……
それで『大いなる実り』を
もらおうとしたけど……",""
"460026","3435921409","","でも、世界樹を守れなかった
責任があります……",""
"460027","3435921409","","親父さんは
まだ体、よくなってないのか？",""
"460028","3435921409","","はい……",""
"460029","3435921409","","お父さんの所に
戻らなくていいの？",""
"460030","3435921409","","もしムリなら、
わたしにできることはない？",""
"460031","3435921409","","ありがとう……ございます。
でも、きっと大丈夫……です。",""
"460032","3435921409","","元気だしてね！
きっと、お父さんも
元気になるよ！",""
"460033","3435921409","","はい……",""
"460034","3435921409","","いい顔してるぜ、
いつもそうしてろよ。",""
"460035","3435921409","","うん、そうだよ！",""
"460100","3435921409","","ここ……何だろ……？",""
"460101","3435921409","","何かの研究施設……
ってとこかね。",""
"460102","3435921409","","矢がたくさん……！",""
"460103","3435921409","","な、何だ、よ……
この……風は……",""
"460104","3435921409","","こ、今度は水……！",""
"460105","3435921409","","危ない……！",""
"460106","3435921409","","……何だったの、一体……",""
"460107","3435921409","","あれで生き残るなんて、
なかなかしぶといね。",""
"460108","3435921409","","あんたか、こんなくだらねえ
仕掛け作ったの。",""
"460109","3435921409","","あらそう？　こんな
くだらない仕掛けでも、案外、
みんなひっかかってくれるのよね～。",""
"460110","3435921409","","残念だったな、
オレたちがひっかからなくって。",""
"460111","3435921409","","わ、わたしたち、何も盗んでないよ？",""
"460112","3435921409","","ちっちっちっち～、
あなたたちは今、盗んだのよ？",""
"460113","3435921409","","私の頭脳が生み出した
アイデアのか・た・ま・り、をね。",""
"460114","3435921409","","だから、盗んでないってば！",""
"460115","3435921409","","見たでしょ？　見たわよね？",""
"460116","3435921409","","その辺にほったらかしといたら、
嫌でも目に入るっての。",""
"460117","3435921409","","はい、決定。
ナナリー。",""
"460118","3435921409","","騎士国家（フレスヴェルグ）の秘密を
守るためだから、悪く思わないでよ。",""
"460119","3435921409","","え、えぇっ！
そうなの……!?",""
"460120","3435921409","","オレたち、こんなところで
グズグズしてらんねぇんだ。
悪ぃけど、本気で行かせてもらうぜ。",""
"460121","3435921409","","そんな大切なもんなら、
倉庫の奥にでも突っ込んでおくんだな。",""
"460122","3435921409","","……倉庫の奥に入れておいたら、
改造できないじゃない。",""
"460123","3435921409","","おっと……まだやるか？",""
"460124","3435921409","","やんないわよ。",""
"460125","3435921409","","……どれが見たいの？
あんま見せたくないけど、
負けたし、しょーがないわね。",""
"460126","3435921409","","いや、どれも見たくねぇ。",""
"460127","3435921409","","遠慮しなくていいのよ～☆
ほら、これなんかどう？",""
"460128","3435921409","","いいでしょ、このフォルム。この流線型で、
空気抵抗が通常の４分の１以下に
抑えられるのよ、そのうえに……",""
"460129","3435921409","","何？　この天才ハロルド様の頭脳を
盗みに来たなら、もっと貪欲に
きなさいよ、貪欲に！",""
"460130","3435921409","","いや、だからな……",""
"460131","3435921409","","あーー！　いいこと思いついちゃった～♪
えっと……",""
"460132","3435921409","","あれが、こうで、ここがこう……
いや、待てよ……あ、こっちか……
そうそう、これが、こうで……",""
"460133","3435921409","","…ん？",""
"460134","3435921409","","ナナリー、起きなさい！
ほら、行くわよ！",""
"460135","3435921409","","ん？　あ……侵入者は
どうしたのさ……",""
"460136","3435921409","","何寝ぼけてんの!?
足りない素材があるのよ！
買出し行くからついてきて！",""
"460137","3435921409","","え……あ、うん……",""
"460138","3435921409","","はぁ……",""
"460139","3435921409","","珍しいね……
ユーリが溜息つくなんて……",""
"460140","3435921409","","ああ……なんか
ペース乱されまくって
疲れたんだよ……",""
"460200","3435921409","","飛べ～、飛べ～、ロケット～♪
燃料吹き出し、火をあげて～♪",""
"460201","3435921409","","……ん？　こんな声、
前にも聞いた気すんだけど……",""
"460202","3435921409","","あっ……また会ったね、
あんたたち。",""
"460203","3435921409","","わっ……スゴイ荷物。
お買い物？",""
"460204","3435921409","","まぁねぇ～♪",""
"460205","3435921409","","で、
なんかすっごいもの、見つけた？",""
"460206","3435921409","","すごいものって……何のこと？",""
"460207","3435921409","","すごいものはすごいもの。
スパイなんでしょ、あんたたち。",""
"460208","3435921409","","いや……別にそういうんじゃねぇし……",""
"460209","3435921409","","あ……あはは……
悪いね。ハロルドってば、ちょっと変わっててさ。",""
"460210","3435921409","","ま、いいわ。
今度はもっとすごいもの、
作るから見にいらっしゃい。",""
"460211","3435921409","","見せたくなかったんじゃねぇのか？",""
"460212","3435921409","","よくよく考えたら、あんたたちに、
私のひらめきで作ったものが、
理解できると思えないし。",""
"460213","3435921409","","理解したいとも思ってねぇしな。",""
"460214","3435921409","","あら、そうなの？
もったいない。",""
"460215","3435921409","","あ……そうだ……！",""
"460216","3435921409","","あんたも、
よくあんなのと付き合ってんな。",""
"460217","3435921409","","そうねぇ。仕方がないのさ。
実はハロルドに、１０００万ガルドばっか
借金があるから。",""
"460218","3435921409","","１０００万って……それじゃあ、
あなた、そのお金のせいで
あの人の言いなりってこと？",""
"460219","3435921409","","あはは、そういうことになるのかねぇ。",""
"460220","3435921409","","あははって……
そこは笑ってる場合じゃ
ねぇと思うんだけど。",""
"460221","3435921409","","そうだね……でも、ハロルドといるの、
そんなに悪くないんだよね。",""
"460222","3435921409","","ふーん……あんたも
相当の変わりモンだな。",""
"460223","3435921409","","ああ、そうかもしれないね。
でなけりゃ、隙を見つけて、
さっさと逃げ出してるだろうし。",""
"460224","3435921409","","ナナリー!　見つけたわよ、見つけた！
これで材料揃ったから行けるわ！",""
"460225","3435921409","","あ……呼んでる……
それじゃあ、あたしはこれで。",""
"460226","3435921409","","ああ……",""
"460227","3435921409","","大丈夫かな、あの人……",""
"460228","3435921409","","……心配か？",""
"460229","3435921409","","うん…心配かも。あ、でもね、
それどころじゃないのはわかってるんだけど…",""
"460230","3435921409","","オレにはあいつが
そんな不幸には見えなかったな。",""
"460231","3435921409","","すごい借金背負ってるのに？",""
"460232","3435921409","","まあ、人それぞれだって言うしな……",""
"470000","3435921409","","きゃーーーっ！",""
"470001","3435921409","","今のって……!?",""
"470002","3435921409","","悲鳴だ！
行くぞ、マオ！",""
"470003","3435921409","","森の中に村か……",""
"470004","3435921409","","あの人たちに聞いてみよう。",""
"470005","3435921409","","ねえ、どうしたの？
悲鳴が聞こえたけど。",""
"470006","3435921409","","君たちは……？",""
"470007","3435921409","","オレたちはシグルスだ。",""
"470008","3435921409","","何か困ってるなら言って。
力になれるかもしれないヨ。",""
"470009","3435921409","","そ、その……
人が死んでいて……",""
"470010","3435921409","","さ、殺人事件!?",""
"470011","3435921409","","ち、違うよ。病死だ……",""
"470012","3435921409","","村の男でね。
三年ほど前から病を患って
娘と村はずれに住んでいた。",""
"470013","3435921409","","……？",""
"470014","3435921409","","村を出て行ったものだと
思っていたの……",""
"470015","3435921409","","三年間も
姿を見せなかったから……",""
"470016","3435921409","","……ひょっとして
三年間ずっとそのままで……",""
"470017","3435921409","","…………",""
"470018","3435921409","","それで、娘さんが
いたんだろ？",""
"470019","3435921409","","彼女はどうしたんだ？",""
"470020","3435921409","","え、ええ……彼女も、
もうずっと姿を見ていないわ。",""
"470021","3435921409","","ほんと……
コンバティールさんには、
すまないことをしたな。",""
"470022","3435921409","","君たちはシグルスだろ？",""
"470023","3435921409","","もし、コンバティールさんの
娘に会ったら
伝えてやってくれないか？",""
"470024","3435921409","","う、うん……",""
"470025","3435921409","","お、おい……安請け合いして
大丈夫なのか？",""
"470026","3435921409","","でも、知らないでいるのも
かわいそうだし……",""
"470027","3435921409","","…………
そうだな。",""
"470028","3435921409","","その娘の名前は
なんていうんだ？",""
"470029","3435921409","","プレセア。
私たちの同級生よ。",""
"470030","3435921409","","プレセアか……
うん、会ったら必ず
伝えるヨ！",""
"470031","3435921409","","頼んだよ、きっとだ。",""
"470100","3435921409","","……とまってください",""
"470101","3435921409","","私は世界樹神殿の番人……
プレセア・コンバティール。",""
"470102","3435921409","","え？
プレセア・コンバティールって……",""
"470103","3435921409","","ねえ聞いた、カイウス！",""
"470104","3435921409","","わかってる。
森の中の村で亡くなっていた
男性の……",""
"470105","3435921409","","ねえ、ボクたち
キミに話があるんだ！",""
"470106","3435921409","","言い訳は聞きません……
排除します。",""
"470107","3435921409","","どうしてそうなるんだヨ～！",""
"470108","3435921409","","あなたたちが、私から
逃げられる確率は
１パーセント……です！",""
"470109","3435921409","","こういうのは
決まって理由を聞いて
くれないんだよ。",""
"470110","3435921409","","倒さないとな！",""
"470111","3435921409","","言い訳をしても……
通し……",""
"470112","3435921409","","違うよ！
ボクたちはキミのお父さんの
ことで話があるんだ！",""
"470113","3435921409","","パパの事……？",""
"470114","3435921409","","ああ……
落ち着いて聞いてくれよ……",""
"470115","3435921409","","そんな、パパが
死んだなんて……",""
"470116","3435921409","","あ、待ってよ！",""
"470117","3435921409","","追いかけよう！",""
"470118","3435921409","","ここがプレセアの家が
あった場所か……",""
"470119","3435921409","","プレセア……",""
"470120","3435921409","","村のみんなが
埋葬してくれた
みたいです……",""
"470121","3435921409","","ここにパパが
眠っているんですね……",""
"470122","3435921409","","プレセアが
帰ってきたって本当なの？",""
"470123","3435921409","","あなたたちは……",""
"470124","3435921409","","え……プレセア？
どうして……",""
"470125","3435921409","","……？　どうした？",""
"470126","3435921409","","昔と何一つ変わって
いないじゃないか……",""
"470127","3435921409","","それがどうかしたの？",""
"470128","3435921409","","だってプレセア……
私たちの同級生よ。
こんな……",""
"470129","3435921409","","待って……",""
"470130","3435921409","","呪いの子だ……！
おまえ、呪われてるんだ！",""
"470131","3435921409","","それじゃあ、
コンバティールさんが
死んだのも、あなたが！",""
"470132","3435921409","","違う、私は……",""
"470133","3435921409","","く、来るな……！",""
"470134","3435921409","","きゃー！",""
"470135","3435921409","","ちょっと、待ってよ！
せっかく帰ってきたのに！",""
"470136","3435921409","","どうなっているんだ？",""
"470137","3435921409","","前回のユグドラシルバトル……",""
"470138","3435921409","","私もあの場所にいて……
マナが溢れて……それで……",""
"470139","3435921409","","あの時から、私の体の
時間は止まってしまいました。",""
"470140","3435921409","","たぶん、これから先も
動き出しません……",""
"470141","3435921409","","……なんだかボクたちって、
みんな一人ぼっちだね……",""
"470142","3435921409","","なあ、オレたちと
一緒にこないか？",""
"470143","3435921409","","そうだヨ！
そうしたら、きっと楽しいヨ！",""
"470144","3435921409","","いいえ……
私はここに残ります。",""
"470145","3435921409","","でも、さっきの様子じゃ……
きっとキミがつらくなるヨ。",""
"470146","3435921409","","私には、
もう何も残されていません。",""
"470147","3435921409","","それに私がここを離れてしまったら、
パパのお墓を見守ってくれる人が
いなくなってしまう……",""
"470148","3435921409","","だったら、オレたちが
『大いなる実り』を取ったら、
せめておまえの体だけでも……",""
"470149","3435921409","","ありがとうございます……
でも、そのお気持ちだけで結構です。",""
"470150","3435921409","","きっと……体が元に戻っても、
何も変わりません。",""
"470151","3435921409","","なら！　寂しくなったら
ボクたちの所へおいでよ！",""
"470152","3435921409","","あなたたちの……所へ？",""
"470153","3435921409","","うん！
プレセアの気持ち、ボクも
少しだけ、わかるヨ！",""
"470154","3435921409","","マオ……",""
"470155","3435921409","","うん……ありがとう。",""
"470156","3435921409","","わ、初めて笑ったネ！",""
"470157","3435921409","","いいな。絶対、来いよな！
待ってるからな！",""
"470200","3435921409","","ここは……なんだ？",""
"470201","3435921409","","何かな？",""
"470202","3435921409","","あれ？　警報装置、作動しなかった？",""
"470203","3435921409","","あ……勝手に上がり込んで
ゴメンなさい。ボクたち、
ドロボーとかじゃなくて……",""
"470204","3435921409","","あんたたち、ちょうどいいところに
来たわ。ナナリー、この子たちを捕まえて。",""
"470205","3435921409","","よし、きた。",""
"470206","3435921409","","な、何だよ!?",""
"470207","3435921409","","惑星脱出が可能な超出力推進型、
飛行機械の発明に成功したのよ。",""
"470208","3435921409","","それの実験台がちょうど
欲しかったのよね～☆",""
"470209","3435921409","","実験台って、落ちるかも
しれないってことか!?",""
"470210","3435921409","","あら、落ちないわよ。
私が作ったんだもん。",""
"470211","3435921409","","落ちる、絶対落ちるヨ、それ！",""
"470212","3435921409","","四の五の言わずに協力しなさい！",""
"470213","3435921409","","あ、いたた……全力で
嫌がんなくってもいいじゃない……
ほら、痛くないから。",""
"470214","3435921409","","しつこいな、あんたも……",""
"470215","3435921409","","ハロルド、もうやめな。",""
"470216","3435921409","","ナナリー……!?",""
"470217","3435921409","","あたしが実験台になってやるよ。
初めからそうすればよかったんだ。",""
"470218","3435921409","","何言ってんのよ、あんた。",""
"470219","3435921409","","こんな子どもに
実験台とかやらせらんないよ。",""
"470220","3435921409","","……そうか、あんた、
この子たちと自分の弟を……",""
"470221","3435921409","","ほら、それなりにあたし、頑丈だし、
あんたに借りがあるしね。",""
"470222","3435921409","","ハロルドが言っただろ、
失敗なんてするわけないって。",""
"470223","3435921409","","……しょうがないわね。",""
"470224","3435921409","","でも、
あんたが行くってんなら、
私も行くわよ。",""
"470225","3435921409","","ハロルド……
どうして……",""
"470226","3435921409","","あんたは１０００万ガルドで
護衛として雇ったの。私のそばを
離れてもらっちゃ困るのよ。",""
"470227","3435921409","","……わかったよ。
一緒に行こう……",""
"470228","3435921409","","ちょっと、なーに？
そんな不安そうな顔してんの？",""
"470229","3435921409","","私が落ちないって言ったら、
落ちないに決まってるでしょ？",""
"470230","3435921409","","そうだね……うん。
あんたの腕は信じてるよ。",""
"470231","3435921409","","あのう……",""
"470232","3435921409","","あら？　あんたたち、
まだいたの？　何してるの？",""
"470233","3435921409","","え、えへへ……
ボクたち、もう行っても
いいかなって……",""
"470234","3435921409","","うん、もういいわ。
用なし。",""
"470235","3435921409","","ちぇっ……
なんだよ、それ。
行こうぜ。",""
"470236","3435921409","","う、うん、それじゃあね。",""
"470237","3435921409","","なんか疲れたネ……",""
"470238","3435921409","","うん……",""
"470300","3435921409","","あ、あそこに
誰か行き倒れてるぞ。",""
"470301","3435921409","","あ、この人、港町で
船に乗せてくれた人だヨ！",""
"470302","3435921409","","港町で襲ってきたヤツの
間違いじゃないか。",""
"470303","3435921409","","どうしたの？
ねえ、起きてヨ！",""
"470304","3435921409","","うっ……あぁ……
おまえたちは……",""
"470305","3435921409","","た…助かった…のか…？",""
"470306","3435921409","","一体、こんなところで
どうしたの？",""
"470307","3435921409","","新帝国（ニーズホッグ）へ
行く途中だった……",""
"470308","3435921409","","新帝国（ニーズホッグ）に？",""
"470309","3435921409","","ああ……行方不明の妹の
手がかりがそこにあると
聞いてな……",""
"470310","3435921409","","そっか……
妹さんが行方不明なんだ……",""
"470311","3435921409","","もしかして、
オレたちに戦いを挑んだのも……",""
"470312","3435921409","","……ああ……『大いなる実り』
ってヤツに、妹の居場所を
教えてもらおうと思ってた。",""
"470313","3435921409","","そうなんだ……",""
"470314","3435921409","","あいつは……病弱なのに、
いつもいつも俺を気遣って……",""
"470315","3435921409","","里で過ごした日々……
幸せに静かに暮らしていた……",""
"470316","3435921409","","いつか、遠い世界に
旅に出たいねと、あいつは笑顔で話していた。",""
"470317","3435921409","","でも、それはおとぎ話のような……
叶わない現実。でも、それでよかった。
二人でいれば、それだけでよかった。",""
"470318","3435921409","","なんか恋人同士みたいだネ……",""
"470319","3435921409","","……でも、
妹なんだろ？",""
"470320","3435921409","","妹じゃ、結婚できないよネ……",""
"470321","3435921409","","当たり前だろ、そんなの……",""
"470322","3435921409","","それが……本当に旅に出た途端、
嵐に巻き込まれ、波にのまれ……
……くぅっ……!!",""
"470323","3435921409","","……いや、でも俺は
あきらめないと決めたんだ。
必ず、あいつは生きている……",""
"470324","3435921409","","だから、その手がかりを探すために……
帝都へ行く……！",""
"470325","3435921409","","ちょっと待って～
無理しちゃダメだよ～！",""
"470326","3435921409","","……行っちゃった……",""
"470327","3435921409","","……でも、
本当に妹さんのこと
好きだったんだな……",""
"470328","3435921409","","オレ、妹とかいないから、
わかんないけど……",""
"470329","3435921409","","ボクも……でも、もしかしたら、
ボクたちがユージーンを探すのと
同じ想いなんだと思うヨ。",""
"470330","3435921409","","大切な相手を探す想いに
違いはない、ってことか……
うん、そうだよな。",""
"470331","3435921409","","……見つかると……いいネ。",""
"470332","3435921409","","オレたちだって、
人の心配してる余裕、
ないだろ？","Even we, can afford to worry about people, right?"
"470333","3435921409","","そうだった……
……行こっか。","I see... Shall we go?"
"470334","3435921409","","ああ。","Yeah."